Label,# Samples,Average,Min,Max,Std. Dev.,Error %,Throughput,Received KB/sec,Sent KB/sec,Avg. Bytes
001. Visit login page,100,16,6,53,8.14,0.000%,1.49882,9.55,0.23,6524.0
002. Logging into AppWorks,100,1677,915,2744,446.59,0.000%,1.47809,4.38,1.89,3037.0
003. Grab user details,100,492,249,770,127.69,0.000%,1.49303,1.81,0.98,1243.0
004. Call PreLogin,100,20,11,41,6.50,0.000%,1.50261,1.46,0.65,994.0
005. Entering Runtime,100,26,16,42,6.99,0.000%,1.50261,9.97,0.48,6794.0
006. Call PreLogin (second),100,20,11,53,8.06,0.000%,1.50277,1.46,0.51,994.0
007. Call grab personlized items,100,85,49,156,23.39,0.000%,1.50195,141.66,0.73,96579.0
008. Call logout,100,19,10,67,7.52,0.000%,1.50281,1.09,0.61,740.0
TOTAL,800,294,6,2744,568.64,0.000%,11.75762,167.79,5.99,14613.1
